<?xml version="1.0" encoding="UTF-8"?>
<project-private xmlns="http://www.netbeans.org/ns/project-private/1">
    <editor-bookmarks xmlns="http://www.netbeans.org/ns/editor-bookmarks/2" lastBookmarkId="0"/>
    <open-files xmlns="http://www.netbeans.org/ns/projectui-open-files/2">
        <group>
            <file>file:/Users/acschmit/Documents/NetBeansProjects/cryptography-examples/src/org/albertschmitt/cryptography/examples/Example_030.java</file>
            <file>file:/Users/acschmit/Documents/NetBeansProjects/cryptography-examples/src/org/albertschmitt/cryptography/examples/Example_050.java</file>
            <file>file:/Users/acschmit/Documents/NetBeansProjects/cryptography-examples/src/org/albertschmitt/cryptography/examples/Example_040.java</file>
            <file>file:/Users/acschmit/Documents/NetBeansProjects/cryptography-examples/src/org/albertschmitt/cryptography/examples/Example_010.java</file>
            <file>file:/Users/acschmit/Documents/NetBeansProjects/cryptography-examples/src/org/albertschmitt/cryptography/examples/Example_020.java</file>
            <file>file:/Users/acschmit/Documents/NetBeansProjects/cryptography-examples/src/org/albertschmitt/cryptography/examples/Example_060.java</file>
        </group>
    </open-files>
</project-private>
